Timestamp,id,ตอนเรียน,หากจะพัฒนาทัศนภาพข้อมูลข้างต้นให้ดียิ่งขึ้น นิสิตคิดว่าควรพัฒนา/ปรับเปลี่ยนทัศนภาพข้อมูลในประเด็นใดบ้าง
2/14/2024 18:44:32,1,10,ใช้คำอธิบายสีเพียง 1 ชุดเนื่องจากข้อมูลทั้ง 2 ชุดใช้สีและคำอธิบายเหมือนกัน และ ควรเปลี่ยนสีให้แตกต่างกันเนื่องจากข้อมูลไม่ใช่ข้อมูลต่อเนื่องกันควรใช้คนละสีเพื่อที่จะผู้ชมจะสามารถแยกข้อมูลได้ง่าย / เปลี่ยนเป็นแผนภูมิแท่งเนื่องจากข้อมูลไม่อยากในรูปร้อยละการใช้ Pi-chart จึงไม่เหมาะสม และ การใช้แผนภูมิแท่งยังทำให้ผู้ชมสามารถเปรียบเทียบข้อมูลคร่าวๆได้อย่างรวดเร็ว / เพิ่มชื่อทัศนภาพว่าเป็นทัศนภาพที่สื่อถึงอะไร
2/14/2024 19:06:56,2,2,"เลือกใช้สีที่มีความแตกต่างกัน, ใช้แผนภาพที่แสดงการเปรียบเทียบความแตกต่างของแต่ละสไตล์การเรียนรู้ของแต่ละโรงเรียนให้ชัดเจนเพิ่มมากขึ้น"
2/14/2024 19:46:44,3,2,การนำเสนอเป็นแผนภูมิแท่ง เปรียบเทียบคะแนนเฉลี่ยตามรูปแบบการเรียนรู้ จำแนกด้วยประเภทโรงเรียน 
2/14/2024 22:11:25,4,3,นำข้อมูลที่เป็นตัวเลขออกมาแสดงนอกรูป
2/14/2024 23:40:23,5,6,"-ควรทำสัดส่วน%ใน pie charts ให้อยู่ใน100%
-ถ้านำข้อมูลมาใช้เชิงเปรียบเทียบควรใช้เป็นทัศนภาพข้อมูลประเภทอื่น เช่น multiple bar charts หรือ line graphs จะเหมาะสมกว่า pie charts"
2/15/2024 9:31:39,6,1,จะพัฒนาเเละเปลี่ยนให้เป็นแผนภมิแท่งเพราะด้วยขนาดของแต่ละช่วงของวงกลมนั้นมีขนาดใกล้เคีบงกันมากทำให้ยากต่อการแยกแยะ
2/15/2024 15:06:56,7,3,ควรปรับรูปแบบให้เป็นรูปแบบกราฟหรือแผนภูมิแท่งเพื่อที่จะได้เข้าถึงข้อมูลได้ชัดเจนและสามารถนำมาเปรียบเทียบได้
2/15/2024 16:56:56,8,2,ใช้เป็นแผนภูมิแท่ง เปลี่ยนสีของโรงเรียนเอกชนควรต่างและนำค่าเฉลี่ยไว้ข้างนอก
2/15/2024 17:24:11,9,6,ปรับการแสดงข้อมูลจากการใช้ pie chart เป็นการใช้แผนภูมิแท่ง เพื่อให้ผู้อ่านข้อมูลสามารถเปรียบเทียบคะแนนได้ง่ายว่าสไตล์การเรียนรู้ใด ที่มีคะแนนเฉลี่ยรายวิชาคณิตศาสตร์มากที่สุดหรือต่ำที่สุด เป็นต้น
2/15/2024 17:57:31,10,3,เปลี่ยนทัศนภาพให้ดียิ่งขึ้นคือ เปลี่ยนจากเดิมแผนภูมิวงกลมให้เป็นแผนภูมิแท่งที่มีความเข้าใจง่ายกว่าเดิม และเห็นข้อมูลความเปรียบเทียบชัดเจนมากยิ่งขึ้น 
2/15/2024 18:00:52,11,3,พัฒนาทัศน์ภาพจากเดิมแผนภูมิวงกลมให้เป็นแผนภูมิแท่ง ซึ่งมีความเข้าใจง่ายกว่าเดิมและสามารถเปรียบเทียบข้อมูลคะแนนได้ชัดเจนขึ้น  
2/15/2024 18:41:17,12,8,ควรปรับเปลี่ยนรูปแบบของการนำเสนอข้อมูลไปใช้ในรูปแบบของแผนภูมิแท่งหรือวิธีอื่นๆที่ง่ายต่อการสังเกตและเปรียบเทียบให้เห็นถึงความแตกต่างได้อย่างชัดเจนและใช้สีที่มีความแตกต่างกันอย่างชัดเจนง่ายต่อการแบ่งแยกข้อมูล ตามวัตถุประสงค์เพื่อเปรียบเทียบคะแนนเฉลี่ยรายวิชาคณิตศาสตร์ของนักเรียนระหว่างกลุ่มนักเรียนที่มีสไตล์การเรียนรู้ (learn.style) ที่มี 3 แบบ
2/15/2024 19:27:57,13,4,ควรใช้ multiple bar chart ในการนำเสนอข้อมูลแทน pie chart เนื่องจากไม่สามารถเปรียบเทียบข้อมูลทั้ง 2 ชุดได้อย่างเหมาะสม โดย multiple bar chart สามารถเปรียบเทียบข้อมูลทั้ง 2 ชุดได้เหมาะสมมากกว่า
2/15/2024 19:27:57,14,4,การเปรียบเทียบในรูปแบบ Pie charts ไม่เหมาะสมเนื่องจากไม่สามารถเปรียบเทียบข้อมูล 2 กลุ่ม ได้อย่างเหมาะสม ควรพัฒนาเป็น multiple bar chart เนื่องจากเปรียบเทียบข้อมูล 2 กลุ่มได้ดีกว่า
2/15/2024 20:37:52,15,7,ทางด้านตัวอย่าง data visualization ข้างต้นมีปัญหาเรื่อง acccessible เป็นปัญหาหลักเพราะเลือกรูปแบบการนำเสนอข้อมูลที่ไม่ถูกต้อง ดูข้อมูลยากเพราะเป็นทศนิยม ควรจัดทำข้อมูลเป็นแบบตารางนำเสนอมากกว่า pie chart เพราะ pie chart ใช้สำหรับการมองภาพรวมของข้อมูลโดยคร่าวๆ สามารถอ่านจากแผนภูมิได้ทันที ไม่เหมาะกับการเทียบค่าแบบละเอียดแบบข้อมูลตัวอย่างและอีกทั้งยังไม่มีชื่อแผนภาพและคำอธิบายที่ไม่เพียงพอทำให้กลุ่มเป้าหมายที่ดูนั้นสับสน
2/15/2024 21:09:24,16,9,ปรับช่องของเเต่ละอันให้มีขนาดเล็ก กลาง ใหญ่ ตามลำดับของคะเเนนนั้นๆ
2/15/2024 22:27:33,17,6,ควรปรับเปลี่ยนเป็นตารางเปรียบเทียบข้อมูล 2 กลุ่ม เพราะว่าการมีกลุ่มข้อมูล 2 กลุ่ม การนำเสนอข้อมูลในรูปแบบแผนภาพวงกลม 2 วง จะทำให้เปรียบเทียบข้อมูล 2 กลุ่มได้ค่อนข้างยาก
2/16/2024 13:28:48,18,3, ไม่ควรใช้ Pi-chart เพราะข้อมูลไม่เป็นเปอร์เซ็นต์ และไม่ควรใช้เฉดสีที่ใกล้กันมาก เพื่อที่จะแยกชุดข้อมูลออกจากกันได้ ควรใช้แผนภูมิแท่งในการนำเสนอข้อมูลเพื่อให้ผู้มชมสามารถเปรียบเทียบความต่างได้ง่ายขึ้น
2/16/2024 13:34:06,19,3,"- เพิ่มข้อมูลในส่วนของชื่อแผนภูมิ
- เปลี่ยนจาก Pie chart เป็น Bar chart เนื่องจากค่าของข้อมูลใกล้เคียงทำให้สังเกตได้ยากจาก Pie chart 
- ควรใช้สีที่ต่างกันเพื่อสื่อถึงข้อมูลในกลุ่มที่แตกต่างกัน
- ควรรวบข้อมูลเข้าเป็นแผนภูมิเดียวกัน เนื่องจากข้อมูลเป็นตัวแปรเดียวกัน"
2/16/2024 15:54:13,20,1,รูปภาพ วงกลมมันอาจ misunderstanding ได้ ว่าเป็นคะแนนนรวมกันได้100 ไม่ใช่คะเเนนเฉลี่ย
2/16/2024 17:06:42,21,3,ปรับแผนภูมิวงกลมให้เป็นแผนภูมิแท่ง และมีการปรับสีเพื่อให้เข้าใจง่ายขึ้น
2/16/2024 18:43:16,22,3,ควรปรับรูปแบบทัศนภาพเป็นแบบ bar chat โดยเปรียบเทียบสไตล์การเรียนรู้ 3 แท่ง และจัดทำเป็น 2 กลุ่ม คือ กลุ่มโรงเรียนรัฐบาลและโรงเรียนเอกชน การใช้ทัศนภาพรูปแบบดังกล่าวจะทำให้ผู้ใช้อ่านสามารถเปรียบเทียบปริมาณข้อมูลระหว่างสไตล์การเรียนรู้ได้อย่างชัดเจนมากยิ่งขึ้น
2/16/2024 19:21:47,23,8,เปลี่ยนรูปแบบการนำเสนอเป็น Bar chart เพื่อให้เปรียบเทียบคะแนนเฉลี่ยในแต่ละสไตล์การเรียนรู้ และระหว่างกลุ่มโรงเรียนรัฐบาลกับกลุ่มโรงเรียนเอกชนได้ง่ายยิ่งขึ้น
2/16/2024 19:53:50,24,6,"นิสิตมีความเห็นจากแผนภาพข้างต้นว่า การเลือกใช้แผนภาพประเภทนี้ไม่เหมาะสมกับสถิติที่ต้องการจะนำเสนอต่อสายตาผู้รับสารโดยทั่วไปอันเพราะค่าสถิที่ต้องการเสนอมีค่าที่ใกล้เคียงกัน(แต่ก็แตกต่าง)ส่งผลให้แผนภาพดูเท่ากันไปหมด ชวนให้ผู้รับสารสับสน เสียเวลาในการทำความเข้าใจ ดังนั้น นิสิตคิดว่าจุดที่ควรพัฒนาและปรับเปลี่ยนทัศนภาพมีดังนี้

1.)ใช้สีในชาร์ตของแต่ละสถิติที่แตกต่าง คนละโทนไปเลย ไม่ต้องมาใช้สีเขียวเข้ม กลาง อ่อน
2.)เปลี่ยนชาร์ตที่เหมาะสมกับคะแนนเฉลี่ย เพราะชาร์ตพายใช้กับร้อยละ
"
2/16/2024 20:22:53,25,1,ปรับเปลี่ยนจากแผนภูมิวงกลมเป็นแผนภูมิแบบอื่นเพราะมีขนาดหรือปริมาณรูปที่เหมือนกันทำให้ดูได้ยาก
2/16/2024 20:51:46,26,4,ประเด็นเรื่องสีให้มีความแตกต่างกันชัดเจน และเปลี่ยนรูปแบบการนำเสนอข้อมูลให้เป็นรูปแบบกราฟแท่ง
2/16/2024 20:55:02,27,6,ใส่ชื่อเเผนภาพให้ชัดเจน เปลี่ยนสีข้อมูลระหว่างโรงเรียนรัฐบาลเเละโรงเรียนเอกชนให้ต่างกันเพื่อง่ายต่อการเปรียบเทียบ ไล่สีจากอ่อนไปเข้มระหว่างข้อมูลที่น้อยไปมาก น้อยจะสีอ่อน เเละมากจะสีเข้ม ระบุหมายเหตุหรือข้อความที่จะทำให้สามารถเข้าใจแผนภาพได้ง่ายขึ้น
2/16/2024 22:32:50,28,1,"1.ไม่ควรไล่เฉดสีเพราะดูข้อมูลยาก
2.ไม่ควรใช้pi chart เพราะข้อมูลไม่เป็น% ควรใช้แผนภูมิแท่งในการเปรียบเทียบข้อมูล"
2/16/2024 22:36:30,29,7,"1. ควรตรวจสอบความถูกต้องของข้อมูล จากข้อมูลที่ให้มาในข้างต้นยังไม่มีความถูกต้องเพราะรวมแล้วเกิน 100% 
2. ควรใส่เปอร์เซ็นต์ (%) ในแต่ละช่อง เพื่อบอกว่าแต่ละประเภทมีกี่เปอร์เซ็นต์"
2/16/2024 23:01:33,30,8,ปรับแผนภาพให้เห็นความแตกต่างให้ชัดกว่านี้ อาจจะใช้แผนภูมิแท่งแทนเพื่อให้เห็นระดับความเปลี่ยนแปลงชัดเจนกว่าเป็นแผนภูมิวงกลม และใช้สองโทนสีแยกข้อมูลให้ชัดเจน
2/16/2024 23:07:44,31,1,"1.ควรเปลี่ยนแผนภูมิวงกลมเป็นแผนภูมิแท่ง เพราะแผนภูมิวงกลมควรใช้กับข้อมูลที่เป็นสัดส่วนร้อยละ
2.ควรเปลี่ยนสีจากสีโทนเขียวเดียวกันเป็นสีทีแตกต่างกันไปเลย เพราะข้อมูลที่ต่างชนิดกันควรแยกด้วยสีที่แตกต่างกัน
3.ควรตั้งชื่อตาราง เพราะจะทำให้เข้าถึงข้อมูลสารสนเทศได้สะดวกขึ้น
4.ควรลดป้ายกำกับ(legend) เพราะมีสองอันที่เหมือนกัน ทำให้มีอุปสรรคในการรับข้อมูลที่ซ้ำซ้อน"
2/16/2024 23:21:59,32,2,"แก้ไขในด้าน Accessible โดยการเปลี่ยนแผนภาพ ควรเปลี่ยนเป็นแผนภูมิแท่งแบบMultiple bar chartเพื่อเปรียบเทียบข้อมูลให้ชัดเจนยิ่งขึ้น ไม่ควรใช้pie chart เพราะไม่เหมาะสมกับข้อมูลและรวมกันได้เกิน 100 
นำมาปรับโดยโดยแกนXจะเป็นการเรียนรู้ทั้งสามแบบ ส่วนแกนYจะเป็นตัวเลข นำกลุ่มที่มีการเรียนรู้เหมือนกันให้มาอยู่ใกล้กันเพื่อทำการเปรียบเทียบ
ใช้สีที่แตกต่างกันชัดเจนเพราะจากรูปที่ให้มาเป็นสีเขียวเหมือนกันแตกต่างกันแค่สีเข้มสีอ่อนทำให้มองยาก"
2/16/2024 23:52:46,33,2,ควรเปลี่ยนเฉดสีของข้อมูลแต่ละข้อให้ต่างกันชัดเจน เพื่อให้เห็นได้ชัดเจนและไม่ลำบากต่อการมองทั้งสองกลุ่ม และใช้แผนภูมิแท่งในการเปรียบเทียบข้อมูลของสองกลุ่มนี้
2/17/2024 9:27:28,34,8,"1.เปลี่ยนสีที่ใช้ให้มีความแตกต่างอย่างชัดเจน เนื่องจากสีที่ใช้เป็นการใช้เฉดสีของสีเขียวซึ่งทำให้เกิดความยากในการระบุข้อมูลของผู้อ่าน
2.ใช้แผนถูมิแท่งที่แสดงออกถึงความแตกต่างเนื่องจากแผนภูมิเดิมใช้แผนภูมิวงกลมซึ่งทำให้ไม่ค่อยเห็นความแตกต่างของแต่ละข้อมูล"
2/17/2024 10:31:26,35,1,ควรนำข้อมูลมาทำเป็นแผนภูมิแท่งเพื่อเปรียบเทียบLearn.style ของทั้ง2กลุ่มโรงเรียนได้ชัดเจน
2/17/2024 11:34:10,36,1,"-ควรมีชื่อตาราง
-ควรใช้แผนภูมิแท่งเพื่อให้ผู้ดูเปรียบเทียบข้อมูลได้ง่าย
-ไม่ควรใช้  Pi-chart เพราะข้อมูลไม่เป็นเปอร์เซ็น
-ตัวบอก learn.style ควรมีแค่อันเดียวเพราะซ้ำกัน
-ไม่ควรใช้สีไล่เชดเพราะข้อมูลแยกกันไม่งั้นจะดูยาก"
2/17/2024 11:37:44,37,1,"
-ควรมีชื่อตาราง
-ตัวบอก learn.style ควรมีแค่อันเดียวเพราะซ้ำกัน
-ควรใช้แผนภูมิแท่งเพื่อให้ผู้ดูเปรียบเทียบข้อมูลได้ง่าย
-ไม่ควรใช้สีไล่เชดเพราะข้อมูลแยกกันไม่งั้นจะดูยาก
-ไม่ควรใช้  Pi-chart เพราะข้อมูลไม่เป็นเปอร์เซ็น"
2/17/2024 12:07:27,38,8,เปลี่ยนเป็นแผนภูมิแท่ง คงจะดีกว่าและมองออกได้ง่ายกว่า
2/17/2024 12:11:08,39,8,พัฒนาให้เป็นแผนภูมิแบบแท่ง คาดว่าจะง่ายและสะดวกต่อการดูมากยิ่งชขึ้น
2/17/2024 12:13:48,40,8,เปลี่ยนทัศนภาพเป็นแผนภูมิแบบแท่ง ซึ่งดูได้ง่ายและไม่งงในข้อมูล
2/17/2024 13:25:23,41,1,"1. ใช้แผนภูมิแท่งแทน pi shart เพราะข้อมูลไม่ได้เป็นเปอร์เซ็น แผนภูมิแท่งทำให้เห็นการเปรียบเทียบชัดเจน
2. ไม่ควรไล่เฉดสีเพราะคนดูจะแยกแยะได้ยากและสับสน
3. ตัวบอก learning style ควรมีอันเดียว และควรมีชื่อตารางอยู่ข้างบน"
2/17/2024 13:33:32,42,1,"1. มีการเลือกใช้ทัศนภาพข้อมูลที่ไม่เหมาะสม เนื่องจากคะแนนเฉลี่ยวิชาคณิตศาสตร์ของนีกเรียนไม่ได้แสดงในรูปของสัดส่วน การเลือกใช้แผนภูมิวงกลมที่เน้นการแสดงสัดส่วนจาก 100% จึงไม่เหมาะสม ควรเปลี่ยนเป็นแผนภูมิแท่งที่สามารถเปรียบเทียบข้อมูลได้ชัดเจนมากกว่า
2. ขาดชื่อของแผนภูมิ อาจทำให้เกิดอุปสรรคในการเข้าใจแผนภูมิได้
3. สีของแผนภูมิใกล้เคียงกันเกินไป ทำให้สังเกตได้ยาก"
2/17/2024 14:04:47,43,2,ควรปรับเปลี่ยนทัศนภาพให้เป็นกราฟเเท่งเนื่องจากมีความชัดเจนสามารถดูเปรียบเทียบได้ง่ายกว่า
2/17/2024 14:06:26,44,9,ปรับเปลี่ยนรูปแบบของแผนภาพ ให้ดูเเล้วเห็นความเเตกต่างชัดเจนมากยิ่งขึ้น
2/17/2024 14:09:18,45,2,ควรปรับเปลี่ยนทัศนภาพให้เป็นกราฟเเท่ง เนื่องจากมีความชัดเจน สามารถดูเปรียบเทียบได้ง่ายเเละสะดวกมากกว่า
2/17/2024 14:59:07,46,7,นำเสนอในรูปแบบของกราฟแท่งเปรียบคะแนนให้เห็นความต่างมากกว่านี้
2/17/2024 15:23:54,47,7,จากการเก็บรวบรวมข้อมูลคะแนนสอบรายวิชาคณิตศาสตร์ สไตล์การเรียนรู้ และประเภทโรงเรียนของนักเรียนที่เป็นกลุ่มเป้าหมาย ทัศนภาพข้อมูลข้างต้นเพื่อเปรียบเทียบคะแนนเฉลี่ยรายวิชาคณิตศาสตร์ของนักเรียนระหว่างกลุ่มนักเรียนที่มีสไตล์การเรียนรู้ 3 แบบ ภายในโรงเรียนรัฐบาล และโรงเรียนเอกชน ด้วยเลือกใช้แผนภาพประเภทอื่นเพื่อให้เห็นและเน้นการเปรียบเทียบได้ชัดขึ้น มากกว่าการใช้ Pie Charts และรวมถึงแผนภาพไม่ได้สะท้อนให้เห็นถึงการเปรียบเทียบคะแนนเฉลี่ยรายวิชาคณิตศาสตร์ เป็นเพียงตัวเลขที่ปรากฎในแผนภาพ
2/17/2024 15:38:15,48,6,ทำสีของทั้งสองร.ร.ให้ชัดเจน ใส่ชื่อแผนภูมิ ใส่หมายว่าตัวเลขในแผนภูมิคืออะไร อาจเปลี่ยนรูปแบบแผนภูมิเป็นแผนภูมิแท่ง
2/17/2024 16:05:07,49,2,คิดว่าควรบอกหน่วยของจำนวนให้ชัดเจนว่าเป็น % หรือ จำนวนคน และ ควรมีการเปลี่ยนสีข้อมูลแต่ละข้อให้มีความแตกต่างและแบ่งแยกชัดเจนมากกว่านี้
2/17/2024 16:05:25,50,2,เปลี่ยนสีของแผนภาพให้มีความแตกต่างกันอย่างเห็นได้ชัด เนื่องจากสีมีความกลมกลืนและคล้ายกันมากจนเกินไป อาจทำให้ดูยากและเข้าใจผิด ข้อถัดมาที่ควรเพิ่มคือหน่วยของตัวเลข ไม่มีการบอกว่าจำนวนตัวเลขของที่อยู่ในแผนภาพเป็นเปอร์เซนต์ จำนวนบุคคลหรืออื่นๆ ข้อถัดมาคือไม่มีหัวข้อที่ชัดเจน เมื่อดูและสังเกตแผนภาพแล้วทำให้ตีความได้หลากหลาย เกิดความไม่ชัดเจน ข้อถัดดมาคือมีการแบ่งแยกสีขอวครึ่งวงกลมที่ไม่ชัดเจนตามภาพ จำนวนเลขที่มีมากกว่าควรจะช่องใหญ่กว่าเลขที่มีจำนวนน้อยกว่า
2/17/2024 16:23:23,51,3,ควรพัฒนาด้านความน่าเชื่อถือเพราะว่าในวงกลมควรบวก3อย่างได้100%ทั้งสองกลุ่ม
2/17/2024 17:35:09,52,3,ควรพัฒนาความน่าเชื่อถือเพราะว่าในวงกลมควรบวกกันได้100% ทั้งสองกลุ่ม
2/17/2024 17:40:25,53,7,เนื่องจากเราต้องการที่จะเปรียบเทียบข้อมูลระหว่างโรงเรียนรัฐบาลและโรงเรียนเอกชน การเลือกใช้ Pie chart จึงไม่เหมาะสม เพราะไม่เห็นความแตกต่างที่ชัดเจน แต่การเลือกใช้งาน Bar chart ในการเปรียบเทียบข้อมูลนี้มีความเหมาะสมมากกว่า เพราะทำให้เห็นความแตกต่างที่ชัดเจน
2/17/2024 17:49:51,54,5,"1. ควรพัฒนาตั้งต้นที่การเลือกใช้ชนิดของทัศนภาพข้อมูล เพราะ ข้อมูลคือคะแนนเฉลี่ย ไม่เหมาะสมที่จะใช้แผนภูมิวงกลมที่เป็นตัวแทนของ 1 หรือ 100
2. สามารถเพิ่มเติมการเปรียบเทียบระหว่างสองกลุ่มโรงเรียนได้
3. สามารถใช้สีให้ดึงดูด ภาพเสริม หรือ องค์ประกอบอื่น ๆ ได้เพิ่มเติม"
2/17/2024 18:14:37,55,4,"- เปลี่ยนรูปแบบของทัศนภาพให้เป็น Multiple bar chart เนื่องจากการทำทัศนภาพแบบ Pie chart ไม่เหมาะกับการใช้เปรียบเทียบคะแนนเฉลี่ย อาจนำไปสู่ข้อมูลที่ผิดได้ 
- อีกหนึ่งประเด็นคือในเรื่องของสี ควรใช้สีที่สามารถแยกประเภทของแต่ละหัวข้อได้อย่างชัดเจน ไม่ควรใช้สีที่ไล่ระดับ 
- ใส่หัวตาราง"
2/17/2024 18:18:50,56,1,ปรับเปลี่ยนเป็นแผนภูมิแท่ง จะมองง่ายกว่าเห็นความแตกต่างได้ชัด
2/17/2024 18:22:21,57,3,พัฒนาจากทัศนภาพแบบเดิมคือ แผนภูมิวงกลมให้กลายเป็นแผนภูมิแท่ง และแบ่งคะแนนให้เป็นร้อยละ เปอร์เซ็น เผื่อเข้าใจง่ายถึงการเปรียบเทียบที่ถูกต้อง 
2/17/2024 18:22:26,58,9,โดยรวมถือว่าไม่มีปัญหาใดๆ หากถ้านิสิตจะปรับ นิสิตจะปรับในเรื่องของโทรสีให้สีมีความแตกต่างกันมากกว่านี้
2/17/2024 18:28:19,59,4,ควรมีการเปรียบเทียบแบบชัดเจนระหว่าง2กราฟ
2/17/2024 19:01:19,60,8,ควรเป็นกราฟชนิดที่ใช้้พื่อเปรียบเทียบความแตกต่าง
2/17/2024 19:17:12,61,9,จัดรูปแบบเป็นแบบแผนภูมิแท่งเปรียบเทียบคะแนนเฉลี่ยในแต่ละกลุ่มนักเรียนที่มีสไตล์การเรียนรู้ที่แตกต่างกัน โดยแบ่งออกเป็นสองสีคือกลุ่มโรงเรียนเอกชนและโรงเรียนรัฐบาล
2/17/2024 21:42:07,62,9,ควรปรับให้เห็นการเปรียบเทียบมากกว่านี้
2/17/2024 21:55:46,63,4,ในประเด็น Accessible ปรับเปลี่ยนเป็นทัศนภาพรูปแบบ แผนภูมิแท่งเปรียบเทียบ และไม่ใช้การไล่สี 
2/17/2024 22:10:57,64,5,ต้องมีการนำเสนอที่ชัดเจน เลือกประเภทแผนภาพที่เหมาะสมกับข้อมูลที่ต้องการนำเสนอ และเลือกรูปแบบการนำเสนอที่เหมาะสม เพื่อง่ายต่อการอ่านผลหรือตีความ ซึ่งควรเปลี่ยนจากชาร์ตวงกลมเป็นชาร์ตแบบแท่งหรือแบบแถว เพื่อให้เห็นภาพรวมและความแตกต่างได้อย่างชัดเจน
2/17/2024 22:46:52,65,1,ประเด็นแรกคือประเภทของแผนภาพ ข้อมูลข้างต้นมีข้อมูลเชิงปริมาณอยู่ค่าหนึ่ง และต้องการเปรียบเทียบข้อมูล แผนภาพวงกลม หรือ Pie chart จึงไม่เหมาะสมในการนำเสนอข้อมูล สามารถพัฒนาเป็นแผนภูมิแท่ง ให้เข้าใจและเปรียบเทียบง่ายขึ้น โดยให้สไตล์การเรียนเป็นตัวแปรในแกนนอน และ คะแนนเฉลี่ยรายวิชาคณิตศาสตร์เป็นตัวแปรในแกนตั้ง  ประเด็นที่สองคือเรื่องของสี จากแผนถาพข้างต้น ใช้สีที่เฉดใกล้เคียงกัน ทำให้เหมือนนำเสนอข้อมูลที่มีความต่อเนื่องกัน แต่ข้อมูลดังกล่าวไม่มีความต่อเนื่อง ดังนั้นควรใช้เฉดสีที่เน้นให้ความแตกต่างของค่า
2/17/2024 23:25:43,66,2,ควรจะปรับเปลี่ยนทัศนียภาพในเรื่องของแผนภูมิควรจะเป็นแผนภูมิแท่งและจัดข้อมูลให้มีมากขึ้นแสดงถึงการเปรียบเทียบของข้อมูล ไม่ใช่มีแต่ตัวเลข ควรเพิ่มการอธิบายแผนภูมิอย่างเข้าใจ และมีสรุปผลเปรียบเทียบค่าตัวเลขทั้งสอง
2/18/2024 0:15:02,67,7,ไม่ควรใช้แผนภูมิวงกลม เพราะข้อมูลชุดนี้ไม่ใช่ข้อมูลแบบร้อยละ ควรเปลี่ยนเป็นแผนภาพลักษณะอื่นที่เหมาะสมกับลักษณะของข้อมูล และส่วนของแผนภาพที่มีประเด็นแตกต่างกันก็ควรใช้สีที่ต่างกันอย่างชัดเจนมากกว่านี้ เพื่อให้แผนภาพสามารถอ่านและเข้าใจได้ง่าย
2/18/2024 0:57:55,68,1,"1.เลือกใช้ทัศนภาพข้อมูลให้เหมาะสมกับข้อมูลที่เก็บมา
2.เลือกใช้สีที่สามารถแยกความแตกต่างกันได้
3.ระบุชื่อทัศนภาพเพื่อทราบถึงวัตถุประสงค์ของทัศนภาพข้อมูล"
2/18/2024 1:54:47,69,4,นิสิตคิดว่าสิ่งที่ขาดไปสำหรับทัศนภาพข้อมูลชุดนี้คือ ส่วน Heading หรือชื่อแผนภาพ และคำอธิบายเพิ่มเติม หากผู้อ่านไม่ทราบสถานการณ์ข้างต้นมาก่อนจะทำให้ผู้อ่านไม่เข้าใจที่แน่ชัดว่าทัศนภาพข้อมูลชุดนี้กำลังนำเสนอข้อมูลใดและเพื่ออะไร ผู้อ่านไม่สามารถทราบได้ว่าจำนวนนักเรียนกลุ่มเป้าหมายมีจำนวนเท่าไร อยู่ระดับชั้นไหน และแผนการเรียนใด และโรงเรียนที่ได้ดำเนินการสำรวจมีทั้งหมดกี่โรงเรียน เป็นโรงเรียนในพื้นที่เดียวกันหรือไม่ ดังนั้น จึงควรระบุข้อมูลให้ชัดเจนมากยิ่งขึ้น นอกจากนี้ ควรใส่ที่มาและปีของข้อมูลที่ถูกเก็บไว้ในส่วนล่างของแผนภาพ เพื่อทำให้ทัศนภาพข้อมูลมีความน่าเชื่อถือมากยิ่งขึ้น
2/18/2024 2:03:36,70,4,ทำข้อมูลให้สามารถมองได้ง่ายและมีสีที่มองเห็นอย่างเหมาะสม มีชื่อแผมภูมิอย่างชัดเจน
2/18/2024 2:10:23,71,10,จุดแรกที่พบว่าทัศนภาพดังกล่าวมีความผิดพลาด คือ แผนภูมิวงกลม เมื่อรวมจำนวนเปอร์เซ็นต์ออกมาแล้วควรได้ 100% ไม่ควรขาดหรือเกิน จุดที่สอง คือ สี การใช้สีเขียวเพียงสีเดียวอาจส่งผลให้ผู้อ่านข้อมูลอ่านยาก ควรใช้สีที่หลากหลาย
2/18/2024 2:17:25,72,4,"1. ควรเปลี่ยนเป็น bar chart เพื่อให้เห็นถึงการเปรียบเทียบที่ชัดเจน เพราะ pie chart จากโจทย์ สัดส่วนของ 44.03 และ 50.79 มีขนาดเท่ากันซึ่งความเป็นจริงขนาดจะต้องแตกต่างกัน
2. สีของข้อมูลควรแตกต่างกันเพื่อความชัดเจน
3. ประเด็นสำคัญคือค่าเฉลี่ย และสไตล์การเรียนรู้ ดังนั้นกราฟควรเน้นตัวเลขของค่าเฉลี่ย และสไตล์การเรียนรู้
4. ตั้งชื่อกราฟ"
2/18/2024 8:38:14,73,1,"1.ไม่ควรใช้Pie chart เพราะไม่เห็นถึงความต่างที่ชัดเจนของข้อมูล
2.สีไม่เหมาะสม เพราะทำให้ดูยาก ควรใช้สีที่เป็นคู่ตรงข้ามกัน
3.ควรใช้Multiple bar chart มาเปรียบเทียบ เพราะ มีข้อมูล2 ชุดขึ้นไป
4.ควรมีชื่อแผนภูมิ
5.ควรตัวบอก learn.style แค่อันเดียว  เพื่อง่ายต่อการดู"
2/18/2024 10:03:29,74,3,ใส่รายละเอียดให้เยอะขึ้น เช่น จำนวนคน คะแนนเต็ม แยกสีให้ชัดเจนกว่านี้ และเปลี่ยนเป็นกราฟแท่ง 
2/18/2024 12:16:26,75,5,ควรเปลี่ยนทัศนภาพข้อมูลเป็นแบบMutiple Bar chartเพราะข้อมูลเป็นช่วงคะแนนเฉลี่ยและเปรียบเทียบข้อมูล2ชุดขึ้นไป และคะแนนเฉลี่ยไม่สามารถรวมกันเป็น100% หรือ 1 ได้ และเนื่องจากผลรวมคะแนนเฉลี่ยของแต่ละกลุ่มโรงเรียนไม่เท่ากันก็ไม่สามารถดูภาพสัดส่วนจากPie Chats ได้อย่างง่าย โดยสรุปทัศนภาพข้อมูลนี้ประเด็นที่ต้องแก้ไขคือ การAccessible การเลือกประเภทแผนภาพไม่เหมาะกับข้อมูล
2/18/2024 12:17:46,76,1,ร้อยละ ค่าเฉลี่ย เมื่อรวมกันแล้วไม่ควรเกิน100 และควรบอกข้อมูลจำนวนประชากรในแต่ละข้อมูล
2/18/2024 12:19:56,77,4,การเลือกใช้สีของแผนภูมิวงกลม
2/18/2024 13:00:29,78,8,เลือกใช้แผนภูมิแทง หรือเส้นแทนเพราะว่าเมื่อเป็นวงกลมมันสามารถดูข้อมูลได้ยากเมื่อมีจำนวนใกล้เคียงกันแบบแท่งกับเส้นเลยอาจจะตอบโจทย์ได้มากกว่า
2/18/2024 13:28:45,79,2,ควรใช้แผนภูมิแท่งและใช้สีที่แตกต่างกันในการแสดงข้อมูล เพราะข้อมูลมีความแตกต่างกันเล็กน้อยหากใช้แผนภูมิวงกลมจะทำให้สังเกตุความแตกต่างได้ค่อนข้างยาก
2/18/2024 13:31:18,80,5,ควรนำ Bar Chart มาใช้ในการสร้างทัศนภาพเพราะจากทัศนภาพข้างต้นเป็นข้อมูลคะแนนเฉลี่ยที่ไม่สามารถรวมกันเป็น 100% ได้ และผลรวมคะแนนก็มีความดูยากเปรียบเทียบได้ไม่ชัดในแต่ละ 2 โรงเรียนดังนั้นจึงควรเลือกประเภทแผนภาพให้เหมาะสมกับข้อมูล
2/18/2024 13:36:32,81,1,"-เพิ่มชื่ออธิบายแผนภูมิภาพ
-สีของข้อมูลต้องต่างกันชัดเจน 
-เปลี่ยนเป็นบาร์ชาร์ต เพราะข้อมูลไม่มีผลต่ออีกข้อมูลไม่ควรเป็นแบบวงกลม และขนาดไม่สัมพันธ์กัน เปรียบเทียบได้ยาก"
2/18/2024 13:45:32,82,4,ควรเปลี่ยนให้มีการเปรียบทัศนภาพที่ชัดเจน
2/18/2024 14:10:03,83,4,หากเป็นชาร์ตวงกลมควรคิดข้อมูลเป็นร้อยละ หรือเปลี่ยนรูปแบบของชาร์ตใหม่
2/18/2024 14:19:11,84,9,ควรแสดงเป็นกราฟแสดงผล เพื่อให้เห็นความชัดเจนของรายละเอียดต่างๆมากยิ่งขึ้น เพื่อให้เกิดประสิทธิภาพในการดูและความเข้าใจมากยิ่งขึ้น
2/18/2024 14:19:38,85,1,"1. จำนวนเปอร์เซ็นต์ทั้งหมดรวมกันควรเป็นสัดส่วน 100 จะทำให้ผู้อ่านเข้าใจง่ายขึ้น ซึ่งจากทัศนภาพข้อมูลด้านบนจำนวนเปอร์เซ็นต์รวมมากกว่า 100
2. ควรใช้โทนสีที่ต่างกันซึ่งจะทำให้เห็นความแตกต่างของข้อมูลได้อย่างชัดเจนยิ่งขึ้น"
2/18/2024 14:25:43,86,8,ปรับจากแผนภาพวงกลม ให้เป็น Bar chart เพื่อเปรียบเทียบข้อมูล 2 กลุ่ม ใส่สีให้เห็นถึงความแตกต่างและดูง่าย
2/18/2024 14:31:20,87,1,"1. เปลี่ยนชนิดของทัศนภาพข้อมูลเป็นแบบ Bar chart เนื่องจากเป็นเปรียบเทียบคะแนนเฉลี่ยรายวิชาคณิตศาสตร์
2. เปลี่ยนสีเพื่อให้แยกแยะข้อมูลได้ชัดเจนยิ่งขึ้น"
2/18/2024 14:40:36,88,4,เนื่องจากข้อมูลทัศนภาพมีการเปรียบเทียบในเชิงปริมาณ ดังนั้นทัศนภาพที่ดีควรจะสามารถใช้เปรียบเทียบข้อมูลได้
2/18/2024 14:40:38,89,3,"ไม่มีเพราะ %มีความใกล้เคียงกันมาก หากนำไปทำกราฟอย่างอื่น อาจทำให้เข้าใจคลาดเคลื่อนได้ง่าย 
อาจจะแก้ไข ด้าน% ผลรวมควรไม่เกิน100 "
2/18/2024 14:44:45,90,6,"ประเด็นที่ 1 ควรจะให้สีที่แตกต่างระหว่างโรงเรียนเอกชนและโรงเรียนรัฐบาล
ประเด็นที่ 2 ควรจะมีตารางข้อมูลให้ดูได้อย่างชัดเจนนอกจากแผนภาพ"
2/18/2024 14:45:29,91,3,เปลี่ยนจากแผนภูมิวงกลมเป็นแผนภูมิแท่ง และเปลี่ยนสีแผนภูมิ
2/18/2024 15:03:48,92,7,ควรปรับรูปแบบตารางให้มีความชัดเจนมากยิ่งขึ้น เนื่องจากคะแนนเฉลี่ยของรูปแบบการเรียนรู้ค่อนข้างใกล้เคียงกัน จึงทำให้ช่องของแผนภูมิวงกลมมีความใกล้เคียงกัน ทำให้มองออกยากว่าอันไหนคะแนนมากกว่า และควรเพิ่มการบอกว่าตัวเลขที่แสดง หมายถึง คะแนนเฉลี่ยรายวิชาคณิตศาสตร์
2/18/2024 15:36:02,93,2,ควรปรับเปลี่ยนทัศนภาพให้เป็นกราฟเเท่ง เนื่องจากมีความชัดเจนมากกว่าเเละสามารถดูเปรียบเทียบได้ง่ายกว่า
2/18/2024 15:42:43,94,8,ไม่ควรมีองค์ประกอบที่รบกวนสายตาที่สร้างภาระทางสายตา การใช้สี รวมถึงการใช้ pie chart อยากให้ทำเป็น bar chart เพื่อนำเสนอปริมาณเปรียบเทียบมากกว่าเพื่อจะได้ดูง่ายเข้าใจได้ดี
2/18/2024 15:46:27,95,9,ประเด็นแรกอยากเปลี่ยนใช้ ทัศนภาพข้อมูลเป็น multiple bar chart เพราะว่าการอยากให้เห็นว่า ทั้งสองโรงเรียนมีความแตกต่างกันมากเท่าไหร่ จะได้มองเห็นภาพรวมของระหว่างกลุ่ม
2/18/2024 15:53:46,96,2,"อ้างอิงว่าดัดแปลงข้อมูลมาจากแหล่งใด, เก็บสถิติจากคนจำนวนเท่าใด, สีของแผนภาพควรมีความแตกต่างอย่างชัดเจน"
2/18/2024 16:08:18,97,8,ปรับเปลี่ยนเป็นรูปแบบ multiple bar chart เพราะได้เห็นถึงการเปรียบเทียบข้อมูล 2 ชุดชัดเจนมากขึ้น
2/18/2024 17:03:04,98,10,บอกหน่วยและปรับเปลี่ยนรูปแบบทัศนภาพให้เปรีบเทีบได้ง่ายยิ่งขึ้น
2/18/2024 17:26:15,99,2,"ปรับเปลี่ยนแผนภาพให้เห็นถึงความแตกต่างให้ชัดเจนกว่านี้ อาจจะใช้เป็นรูปแบบแผนภูมิแท่งแทน
เพื่อให้เห็นระดับความเปลี่ยนแปลงชัดเจนกว่าและใช้สีสองโทนเพื่อแยกข้อมูลแต่ละสีให้ชัดเจนยิ่งขึ้น"
2/18/2024 17:29:11,100,7,ใช้แผนภูมิแท่ง เพื่อเปรียบค่าคะแนนได้ง่ายขึ้นระหว่างกลุ่มโรงเรียนเอกชนและกลุ่มโรงเรียนรัฐ
2/18/2024 17:43:10,101,5,เนื่องจากข้อมูลที่ได้เป็นคะแนนเฉลี่ย ซึ่งผลรวมคะแนนเฉลี่ยของแต่ละกลุ่มมีจำนวนไม่เท่ากัน จึงทำให้ไม่สามารถจำแนกช้อมูลผ่าน pie chart ได้ ดังนั้นควรเปลี่ยนทัศนภาพข้อมูลเป็น bar chart เพื่อให้เหมาะกับประเภทของข้อมูล
2/18/2024 17:44:35,102,7,"- ควรเปลี่ยนจาก Pie chart เป็น Bar chart เพื่อแสดงการเปรียบเทียบคะแนนเฉลี่ย 
- เพิ่มชื่อ chart
- เลือกใช้สีที่มีความแตกต่างกันอย่างชัดเจน"
2/18/2024 17:46:03,103,1,ควรปรับเปลี่ยนเป็นแผนภูมิแท่งเพื่อการเปรียบเทียบระหว่างสไตล์การเรียนรู้ของนักเรียนโรงเรียนรัฐบาลและโรงเรียนเอกชน
2/18/2024 17:51:37,104,5,สามารถเปลี่ยนทัศนภาพข้อมูล เป็นแบบ bar chart เพราะข้อมูลคะแนนเฉลี่ย ไม่สามารถรวมกันเป็น 100% หรือ 1% ได้ จากข้อมูลผลคะแนนเฉลี่ยไม่เท่ากัน ไม่สามารถดูผ่านสัดส่วนภาพจาก pie chart ได้ ดังนั้นสิ่งที่ต้องแก้ไขคือ การเปลี่ยนแผนภาพให้เหมาะสมกับข้อมูล 
2/18/2024 17:58:18,105,7,ประเด็นแรกคือการเพิ่มคำอธิบายใต้รูปภาพว่าตัวเลขที่ปรากฏในแผนภาพคือ “คะแนนเฉลี่ยวิชาคณิตศาสตร์” จากนั้นจึงปรับขนาดของแต่ละส่วนในแผนภาพวงกลมให้มีความชัดเจนมากขึ้นเพราะทั้ง2แผนภาพแม้จะมีตัวเลขต่างกันแต่ขนาดของส่วนในแผนภาพใกล้เคียงกันมากจนแทบไม่เห็นความแตกต่าง และอีกประเด็นคือการทำตัวเลขให้อยู่ในรูปเปอร์เซ็นต์เพื่อให้สามารถวิเคราะห์ข้อมูลได้สะดวกยิ่งขึ้น
2/18/2024 18:00:30,106,4,"1. การใช้แผนภูมิ ไม่ควรใช้ Pie Chart เนื่องจากต้องการใช้เปรียบเทียบค่าระหว่างหมวดหมู่ต่างๆว่าสไตล์การเรียนแบบใดที่มีแนโน้มจะได้คะแนนสูงที่สุด ควรใช้เป็น Bar Chart แทน

2. การใช้สี เนื่องจากข้อมูลเป็นมาตรวัดแบบ Norminal ซึ่งจัดเรียงไม่ได้ ดังนั้นการใช้สีจึงอาจไม่จำเป็นต้องใช้สีที่ไล่ระดับแต่อาจใช้สีที่ต่างกันไปเลย เพื่อให้ผู้ที่ดูทัศนภาพข้อมูลจะได้แยกแยะข้อมูลแต่ละกลุ่มออกจากกันได้อย่างชัดเจน

3. เป็นการแบ่งแยกข้อมูลในส่วนของโรงเรียนเอกชนและโรงเรียนรัฐบาลมากเกินไป ควรออกแบบทัศนภาพข้อมูลให้สามารถเปรียบเทียบคะแนนเฉลี่ยในหมวดหมู่ต่างๆระหว่างกลุ่มโรงเรียนเอกชนและโรงเรียนรัฐบาลได้ด้วย

4. เลขที่แสดงบน Pie Chart ไม่ควรเป็นคะแนนเฉลี่ย แต่ควรเป็นสัดส่วนในรูปร้อยละ ซึ่งต่อให้แสดงเป็นในรูปร้อยละก็ไม่เหมาะสมที่จะแสดงในรูปแบบของ Pie Chart อยู่ดีเพราะจะทำให้เปรียบเทียบคะแนนเฉลี่ยไม่ได้ ตามที่ได้กล่าวไปในข้อที่ 1

5. ไม่มีชื่อหัวข้อของทัศนภาพข้อมูลว่ากำลังแสดงข้อมูลของอะไรอยู่

ทั้งหมดนี้คือสิ่งที่ส่งผลให้ข้อมูลขาดความน่าเชื่อถือ แม้ว่าจริงๆแล้วข้อมูลจะเป็นข้อมูลที่มีคุณภาพและสามารถเชื่อถือได้ก็ตาม"
2/18/2024 18:11:12,107,8,สัดส่วนไม่เป็นตามจริงทำให้เปรียบเทียบยากควรทำให้สัดส่วนมันตามจริงจะดูง่ายกว่านี้การใช้สีของรัฐและเอกชนที่เหมือนทำให้แยกยากแผนภูมิวงกลมอาจจะดูเปรียบเทียบไม่ชัด ถ้าทำเป็นแผนภูมิแท่งอาจจะเปรียบเทียบง่ายกว่า
2/18/2024 18:14:17,108,2,หากจะพัฒนาให้ดีขึ้นควรปรับปรุงให้ข้อมูลทั้งสองที่อยู่ในแผนภาพเดียวกันเพื่อแสดงความเปรียบเทียบให้ชัดเจน จึงจะได้ทราบถึงระดับความสูงต่ำของคะแนนจากโรงเรียนทั้งสองกลุ่ม
2/18/2024 18:23:07,109,6,ปรับเปลี่ยนให้เป็นการแสดงข้อมูลผ่านการใช้แผนภูมิแท่ง เพื่อทำให้ดูที่ได้เข้ามาศึกษาสามารถดูและรับรู้ข้อมูลได้อย่างรวดเร็วและเข้าใจง่าย อีกทั้งยังสามารถเห็นเป็นภาพการเปรียบเทียบที่ชัดเจนได้
2/18/2024 18:33:52,110,4,การเลือกใช้สีของแผนภูมิวงกลม
2/18/2024 18:43:16,111,2,ค่าเป็นร้อยละ อ่านยาก ไม่ควรเป็นวงกลม
2/18/2024 18:47:34,112,7,เริ่มจากเปลี่ยนรูปแบบทัศนภาพ เพราะทัศนภาพเบื้องต้นเป็นแผนภูมิวงกลม ซึ่งระบุคะแนนเฉลี่ยวิชาคณิตศาสตร์ของกลุ่มโรงเรียนรัฐบาลและกลุ่มโรงเรียนเอกชนที่แบ่งจากสไตล์การเรียนรู้มีความไม่เหมาะสมในการใช้ เพราะ เมื่อรวมคะแนนทั้ง 2 แผนภูมิคะแนนของกลุ่มโรงเรียนรัฐบาลและกลุ่มโรงเรียนเอกชนจะไม่เท่ากัน แต่ใช้แผนภูมิแบบเดียวกันขนาดเดียวกัน อีกทั้งแผนภูมิวงกลมจะเหมาะกับการใช้กับข้อมูลที่เป็นเปอร์เซ็นต์หรือร้อยละที่นำข้อมูลทุกช่องมารวมกันแล้วได้ 100% หรือร้อยละ100มากกว่า หากจะปรับเปลี่ยนควรปรับเปลี่ยนเป็นตารางเปรียบเทียบคะแนนเฉลี่ยของนักเรียนระหว่างกลุ่มนักเรียนที่มีสไตล์การเรียนรู้ทั้ง 3 แบบภายในโรงเรียนรัฐบาลและเอกชนจึงจะเห็นภาพชัดกว่าเพราะมีการเปรียบเทียบข้อมูลระหว่างแถวหรือคอลัมน์อย่างชัดเจนทำให้ผู้รับสารเข้าถึงข้อมูลได้อย่างละเอียดอีกทั้งสีในแผนภูมิวงกลมเบื้องต้นนั้นยังมีความใกล้เคียงกัน สามารถทำให้ผู้รับสารเกิดความเข้าใจผิดได้ จึงต้องแก้ไขในส่วนนี้ด้วย
2/18/2024 18:53:20,113,10,"ควรใช้การวัดที่ทำให้เห็นชัดเจนเช่นใช้แบบแท่ง, ควรใช้สีที่ตัดกัน, ควรมีหัวข้อ"
2/18/2024 18:56:55,114,6,ในเรื่องของ Untrustworthy มีการประมวลผลข้อมูลที่ไม่ตรงกันของทั้งสองโรงเรียน มี mood และ tone ที่ไล่สีกันมากจนทำให้มีการมองเห็นที่ไม่ชัดเจน
2/18/2024 19:06:49,115,6,ควรปรับเป็นแบบ Bar chart เพราะPie chart ไม่สามารถให้ความเข้าใจการเปรียบเทียบข้อมูลได้เห็นภาพเท่ากับ Bar chart ที่สามารถแสดงข้อมูลให้เห็นการเปรียบเทียบคะแนนเฉลี่ยได้อย่างชัดเจน ควรเพิ่มเติมการ Accessible ลงในชาร์จ
2/18/2024 19:23:26,116,9,ควรพัฒนาให้ทั้ง3 learn style โดยการส่งเสริมให้มีการพัฒนามากขึ้น เพราะจากข้อมูลข้างต้นยังมีการเรียนรู้ที่ตํ่ากว่า50 ดังนั้นนิสิตคิดว่าควรให้มีการพัฒนาการเรียนทั้ง3รูปแบบ 
2/18/2024 19:41:03,117,6,ควรปรับให้เป็นmultiple bar chart เพื่อให้เห็นการเปรียบเทียบของข้อมูลได้ง่าย สีของแผนภูมิก็ควรเป็นเฉดสีที่เห็นความแตกต่างได้ง่าย ไม่ใช้สีที่ใกล้เคียงกัน ขนาดของchartก็ไม่ควรใกล้เท่ากัน เพราะคะแนนมีความแตกต่างกัน และการใช้pie chartควรรวมข้อมูลได้เป็น1 หรือ100% ดังนั้นควรเลือกใช้แผนภาพการนำเสมอให้เหมาะสมกับข้อมูล
2/18/2024 20:02:02,118,8,ควรปรับที่สีของการนำเสนอข้อมูลที่ต่างกัน เช่น เรียนผ่านการฟัง เรียนผ่านการลงมือทำ และเรียนผ่านการอ่าน-เขียน ควรมีสีที่ต่างกันชัดเจน การที่ใช้สีไล่ระดับแบบนี้ควรจะเป้นการเปรียบเทียบข้อมูลหัวข้อเดียวกันแต่เปรียบเทียบกันที่ปริมาณหรือจำนวน
2/18/2024 20:05:34,119,7,หากจะพัฒนาทัศนภาพข้อมูลข้างต้นให้ดียิ่งขึ้น นิสิตคิดว่าควรนำตารางมาใช้แทนแผนภูมิวงกลม เนื่องจากข้อมูลค่าเฉลี่ยมีค่าใกล้เคียงกัน การจัดข้อมูลอยู่ในรูปแผนภูมิวงกลม และใช้โทนสีใกล้เคียงกัน จะทำให้สัดส่วนข้อมูลใกล้เคียงกัน ดูยาก ไม่ชัดเจน และไม่นำสายตา นอกจากนี้ควรมีการระบุชื่อแผนภาพให้ชัดเจน รวมถึงเพิ่มคำอธิบายว่า ตัวเลขที่แสดงในแผนภาพสื่อถึงอะไร 
2/18/2024 20:10:33,120,3,ความถูกต้องของข้อมูล เนื่องจาก ข้อมูลกับสเกลของวงกลมไม่สัมพันธ์กันอาจทำให้ผู้อาจสับสน รวมถึงสีที่เหมือนหรือใกล้เคียงกันอาจทำให้สับสนได้
2/18/2024 20:22:48,121,1,"นิสิตคิดว่าทัศนภาพข้อมูลข้างต้นที่นักวิจัยได้ทำขึ้นนั้นไม่เหมาะสมกับการนำเสนอข้อมูลที่นักวิจัยต้องการนำเสนอ เนื่องจากในทัศนภาพนำเสนอไม่ชัดเจนว่ากำลังเปรียบเทียบอะไร ระหว่างเปรียบเทียบสไตล์การเรียนรู้แต่ละอย่างหรือเปรียบเทียบกลุ่มโรงเรียน อีกประการหนึ่ง การนำเสนอข้อมูลโดยใช้ pie chart ควรใช้ปริมาณข้อมูลที่รวมกันเป็น 100 % แต่ในทัศนภาพข้างต้นมีปริมาณข้อมูลรวมกันเกิน 100 % ดังนั้นนิสิตคิดว่าควรนำเสนอโดยการใช้ Multiple bar chart ซึ่งเป็นการนำเสนอข้อมูลเพื่อเปรียบเทียบข้อมูลที่สนใจตั้งแต่2ชุดขึ้นไป 
โดยนำเสนอข้อมูลคะแนนเฉลี่ยรายวิชาคณิตศาสตร์ของนักเรียนแยกออกเป็น 3 กลุ่มตาม 3 สไตล์การเรียนรู้(เรียนผ่านการฟัง,ลงมือทำ,อ่าน-เขียน) ซึ่งแผนภูมิแท่งในแต่ละกลุ่ม จะมี 2 แท่งเพื่อเปรียบเทียบข้อมูล 2 ชุดซึ่งคือประเภทโรงเรียนของนักเรียนกลุ่มเป้าหมาย(กลุ่มโรงเรียนรัฐบาล, กลุ่มโรงเรียนเอกชน) จากนั้นแยกความแตกต่างของชุดข้อมูลทั้ง 2 ชุดโดยการใช้สีที่แตกต่างกันอย่างชัดเจน เพื่อเปรียบเทียบให้เห็นความต่างของข้อมูล นอกจากนี้ทัศนภาพข้อมูลควรมีชื่อแผนภาพกำกับด้วยเพื่อให้ผู้อ่านรู้ว่ากำลังอ่านข้อมูลอะไร "
2/18/2024 20:25:57,122,8,การทำให้เห็นความแตกต่างทั้งภายในกลุ่มและระหว่างกลุ่ม รวมทั้งความแตกต่างของสีตาราง
2/18/2024 20:32:49,123,3,ข้อมลูตัวเลขควรเปลี่ยนเป็นเปอร์เซ็นต์
2/18/2024 20:36:14,124,4,ให้สัดส่วนของแผนภูมิมีความสัมพันธ์กับคะแนนของนักเรียน เช่นการใช้แผนภูมิแบบแท่ง
2/18/2024 20:36:51,125,2,"ปรับเปลี่ยนสีให้มีความแตกต่างกัน , ปรับเป็นแผนภูมิแท่ง"
2/18/2024 20:40:32,126,3,เปลี่ยนจากแผนภาพวงกลม เป็นแผนภูมิแท่ง และเปลี่ยนสีกราฟ
2/18/2024 20:40:41,127,9,เปลี่ยนจากเเผนภาพวงกลมเป็นแผนภูมิเเท่ง เเละเพิ่มสีกราฟ
2/18/2024 20:46:18,128,3,เปลี่ยนจากแผนภาพวงกลม เป็นแผนภูมิแท่ง และเปลี่ยนสีกราฟ
2/18/2024 20:49:38,129,1,การเปรียบเทียบข้อมูล
2/18/2024 20:51:02,130,1,การเลือกประเภทแผนภาพ
2/18/2024 20:51:11,131,4,ทำให้เป็นแผนภูมิแท่งเพื่อเปรียบเทียบความแตกต่างระหว่างการเรียนรู้ของนักเรียนทั้งสามแบบเนื่องจากแผนภูมิวงกลมทำให้ไม่สามารถทราบขนาดข้อมูลที่แท้จริงได้
2/18/2024 20:54:29,132,4,การเปลี่ยนสีช่อง learn.style เป็นสีที่แตกต่างกันชัดเจน ใส่หน่วยของตัวเลขที่แสดง ไม่จำเป็นต้องบอกสีความหมายซ้ำ ควรมีชื่อของแผนผังชัดเจน
2/18/2024 21:03:48,133,2,"ครเปลี่ยนสีของแผนภูมิรูปวงกลมให้มีความชัดเจน เช่น โรงเรียนเอกชนสีเขียว โรงเรียนรัฐบาลสีส้ม ผู้อ่านจะได้แยกประเภทของข้อมูลได้ง่ายยิ่งขึ้น หรืออาจจะเปลี่ยนจากการนำเสนอข้อมูลแผนภูมิ
รูปวงกลม เป็นแผนภูมิแท่งที่แยกประเภทได้ชัดเจน และเนื่องจากข้อมูลมีสเกลที่ค่อนข้างใกล้เคียงกัน ถ้าเขียนเป็นแผนภูมิวงกลมก็อาจจะทำให้ผู้อ่านเปรียบเทียบข้อมูลได้ยาก"
2/18/2024 21:15:58,134,5,ควรปรับเปลี่ยนทัศนภาพเป็น Bar chart เนื่องจากข้อมูที่เป็นค่าเฉลี่ยไม่สามารถรวมกันเป็น 1 หรือ 100% ได้ เพราะว่าคะแนนรวมกลุ่มในแต่ละโรงเรียนไม่เท่ากัน ส่วนที่ต้องแก้ไข คือ Accessible มาจากการเลือกแผนภาพไม่เหมาะสมกับข้อมูล
2/18/2024 21:20:02,135,9,ควรปรับปรุงการนำเสนอข้อมูลให้เห็นถึงความแตกต่างอย่างชัดเจนหรือใช้แผนภาพที่แสดงถึงการเปรียบเทียบที่เห็นได้ชัด
2/18/2024 21:29:56,136,7,ควรเปลี่ยนมาใช้แผนภูมิแท่งในการระบุข้อมูล เพื่อให้เห็นรายละเอียดของข้อมูลที่ชัดเจนยิ่งขึ้นและชัดเจนมากกว่าแผนภูมิวงกลม
2/18/2024 21:33:35,137,9,ควรทำให้เข้าถึงได้ง่าย เพื่อความเท็จจริงของกราฟและข้อมูล
2/18/2024 21:33:54,138,2,นินิตคิดว่าควรพัฒนาปรับเปลี่ยนทัศนภาพให้ดูง่ายและอ่านง่ายมากขึ้น เช่น Bar chart จะทำให้เป็น Good Visualizationที่ดี
2/18/2024 21:33:54,139,4,การปรับการใช้สีของแผนภาพ และสัดส่วนเพราะสีที่ดูคล้ายกันทำให้ดูยาก และสัดส่วนที่ไม่เท่ากันควรทำให้เห็นอย่างชัดเจนว่าแตกต่างกัน
2/18/2024 21:34:37,140,9,ปรับเปลี่ยนทัศนภาพข้อมูลให้เข้าใจมากยิ่งขึ้น ทัศนภาพตอนนี้มีความสับสนว่าตัวเลขที่ขึ้นอยู่บน pie chart แต่ละชิ้น pie คืออะไรและทำไมเลขบน pie chart รวมกันถึงมากกว่า 100 แล้วการมีข้อมูล 2 ชุดไม่เหมาะสมกับการทำ pie chart เพื่อเปรียบเทียบอาจเปลี่ยนเป็น Multiple Bar chart โดยให้ สไตล์การเรียนรู้ 3 แบบอยู่แกน x  แล้วให้ค่าเฉลี่ยคะแนนคณิตศาสตร์อยู่แกน y โดยทำเป็น Multiple Bar chart เปรียบเทียบ โรงเรียนรัฐบาลและโรงเรียนเอกชน
2/18/2024 21:34:57,141,3,เปลี่ยนจากแผนภาพวงกลม เป็นแผนภูมิแท่ง และเปลี่ยนสีกราฟให้แตกต่างกัน
2/18/2024 21:35:36,142,9,เปลี่ยนจากเเผนภาพวงกลมเป็นเเผนภูมิเเท่ง เเละเพิ่มสีกราฟ
2/18/2024 21:40:26,143,5,ควรเพิ่มเติมชื่อกราฟ และใช้สีใหัมีความแตกต่างกันมากยิ่งขึ้น และเนื่องจากข้อมูลที่จุดทศนิยมควรเปลี่ยนเป็น Bar char เพื่อให้เห็นความแตกต่างมากยิ่งขึ้น
2/18/2024 21:48:19,144,9,การทำสัดส่วนของแผนภูมิวงกลมให้เป็นแบบร้อยละ/เปอร์เซ็น
2/18/2024 21:49:37,145,2,เนื่องจากการเป็นเปรียบเทียบข้อมูล 2 จุด จึงควรใช้แผนภูมิแท่งมากกว่า สีที่ใช้มีความใกล้เคียงกันมากเกินไป ควรใช้สีที่ต่างกันมากกว่านี้
2/18/2024 21:51:29,146,2,"ควรพัฒนา สีของ pie charts ให้สีของแต่ละข้อมูลมี
ความแตกต่างกัน เพราะจากทัศนภาพข้อมูลที่นักวิจัยพัฒนาใช้สีค่อนข้างคล้ายกัน"
2/18/2024 22:06:44,147,3,เปลี่ยนจากแผนภาพวงกลมเป็นแผนภูมิแท่งและเปลี่ยนสีกราฟให้ต่างกัน
2/18/2024 22:09:34,148,8,ทำแผนภูมิแท่งจากนั้นแยกเป็นแท่งเพื่อให้ง่ายต่อการบันทึกข้อมูลและเปรียบเทียบ และแยกสีให้ชัดเจนพร้อมใส่ตัวเลขประกอบ
2/18/2024 22:14:56,149,9,เปลี่ยนจากแผนภาพวงกลมเป็นแผนภูมิแท่ง และเพิ่มสีกราฟ
2/18/2024 22:15:33,150,6,คิดว่าควรพัฒนาปรับเปลี่ยนทัศนภาพให้อ่านง่าย ดูง่ายมากขั้น เช่น แผนภูมิแท่ง จะทำให้เป็น Good Visualization
2/18/2024 22:19:50,151,7,นิสิตคิดว่าแผนภาพทั้งสองมีความใกล้เคียงกัน ไม่ว่าจะเป็นข้อมูล สีของแผนภาพ และลักษณะของแผนภาพที่เป็นแผนภูมิวงกลม ทำให้ดูได้ยากที่จะเข้าใจข้อมูลที่ต้องการสื่อออกมา
2/18/2024 22:20:33,152,10,"- เพิ่ม heading ของ chart
- ควรปรับเปลี่ยนเป็นแผนภูมิแท่งเนื่องจากแผนภูมิวงกลมควรใช้นำเสนอข้อมูลที่เป็นสัดส่วนร้อยละ
- ให้"
2/18/2024 22:29:41,153,3,พัฒนาการเรียนผ่านการฟังคิดว่าพัฒนาให้ดีขึ้นและจะส่งผลดี
2/18/2024 22:36:34,154,9,ควนมีการนำข้อมูลออกมาเรียนกันให้ชัดเจนเพื่อความง่ายในการมอง และใช้สีที่มีความต่างกันอย่างชัดเจน
2/18/2024 22:37:25,155,3,เปลี่ยนสี เพราะสีมีความกลมกลืนกันเกินไปทำให้ไม่สามารถแยกแต่ละประเภทออกได้ชัดเจน
2/18/2024 22:41:46,156,2,ไม่เห็นการเปรียบเทียบที่ชัดเจนระหว่างกลุ่มโรงเรียนเอกชนและรัฐบาล ต้องทำกราฟออกมาเปรียบเทียบให้ชัดเจน
2/18/2024 22:44:31,157,3,ไม่ต้องเปลี่ยนเพราะโดยรวมเป็นทัศนภาพที่ชัดเจน ดูง่ายและเข้าใจ
2/18/2024 22:44:47,158,9,สีมันกลมกลืนเกินไป จึงทำให้จำแนกยากอีกทั้งโทนสียังเป็นโทนเดียวกัน
2/18/2024 22:58:19,159,7,ปรับรูปแบบตารางให้มีความชัดเจนมากขึ้น เช่นแยกสีชัดเจน ควรเปลี่ยนเป็นทัศนภาพรูปแบบอืานไปเลยเนื่องจากคะแนนเฉลี่ยจากข้อมูลมีค่าใกล้เคียงกัน เลยทำให้ยากต่อการอ่านข้อมูลเมื่อเป็นแผนภูมิวงกลม
2/18/2024 23:04:09,160,7,ควรปรับให้เป็นรูปแบบแผนภูมิแท่ง เนื่องจาก การเปรียบเทียบโดยการใช้ pie chart ไม่สามารถทำให้เราเห็นถึงความแตกต่างของข้อมูลได้อย่างชัดเจน ทำให้ 2 แผนภูมิดูไม่มีความแตกต่างกัน
2/18/2024 23:05:13,161,7,สามารถพัฒนาเป็นรูปแบบ multiple bar chart เพื่อให้สามารถเปรียบเทียบข้อมูลได้ง่ายและสะดวกมากยิ่งขึ้น
2/18/2024 23:06:10,162,8,เนื่องจากว่าข้อมูลของทั้งสองฝั่งมีปริมาณที่ใกล้เคียงกันนิสิตคิดว่าควรจะนำขอมูลฝั่งโรงเรียนรัฐฯ มาเทียบเป็นตัวๆกับเอกชน เพื่อให้เห็นความแตกต่างได้ชัดเจนยิ่งขึ้น
2/18/2024 23:08:51,163,1,ทำเป็นแผนภูมิแท่งจะแสดงข้อมูลที่เห็นความแตกต่างได้มากกว่า
2/18/2024 23:13:30,164,4,แผนภูมิวงกลมเหมาะกับการนำเสนอข้อมูลที่มีส่วนประกอบย่อยรวมเป็นส่วนใหญ่ มีการแบ่งสัดส่วน จึงทำให้ยากในเรื่องของการประมาณขนาด และไม่สามารถใช้ตามจุดประสงค์ที่ต้องการเปรียบเทียบข้อมูลในแต่ละชุดได้อย่างชัดเจน อีกทั้งยังไม่มีการระบุคะแนนเต็มของวิชาคณิตศาสตร์ จึงขอสมมติให้คะแนนเต็มเท่ากับ 100
2/18/2024 23:22:37,165,9,ปรับเปลให้เป็นลักษณะ Bar chart ข้อมูลนั้นเป็นค่าเฉลี่ย ไม่สามารถรวมกันได้ เพราะคะแนนแต่ละกลุ่มไม่เท่ากัน ในส่วนของการปรับควรปรับ Accessible 
2/18/2024 23:26:05,166,7,"- เปลี่ยนจากแผนภูมิวงกลมมาใช้แผนภูมิแท่งแทน เนื่องจากไม่ต้องการนำเสนอสัดส่วน แต่ต้องการเปรียบเทยบ
- สร้างแผนภูมิแท่งแสดงคะแนนเฉลี่ยวิชาคณิตของผู้ที่มีสไตล์การเรียนรู้แตกต่างกัน ระหว่างโรงเรียน 2 ประเภท
- ไม่ใช้การไล่เฉดสี"
2/18/2024 23:28:49,167,9,"เปลี่ยนจากแผนภาพวงกลมเป็นแผนภูมิแท่งและเพิ่มสีให้กราฟ
"
2/18/2024 23:29:10,168,7,"1.เนื่องจากเป็นเปรียบเทียบคะแนนเฉลี่ยของนักเรียนระหว่างกลุ่มนักเรียนที่เรียนรู้  3 แบบ และ ทั้งโรงเรียนรัฐบาลและเอกชน ควรเปลี่ยนทัศนภาพเป็นกราฟที่สามารถดูง่ายต่อการเปรียบเทียบมากขึ้น เช่น Bar chart, Multiple bar chart 
2. ถ้าจะใช้แผนภูมิวงกลม ควรที่จะเปลี่ยนข้อมูลให้เป็นร้อยละ หรือ % "
2/18/2024 23:30:00,169,7,เปลี่ยนสีทั้งสองกลุ่มให้มีความแตกต่างกัน และเปลี่ยนจากกราฟวงกลมเป็นกราฟแท่ง
2/18/2024 23:33:00,170,5,"1.เข้าถึงข้อมูลได้ยาก
ควรเปลี่ยนเป็นกราฟแท่งเพราะอ่านตัวอักษรและตัวเลขได้ยาก

2. ไม่น่าสนใจ:
การออกแบบเรียบง่าย สีกลมกลืนไม่ดึงดูดใจ
ใช้ตัวอักษรขนาดเล็ก อ่านยาก

3.ไม่น่าเชื่อถือ:
ควรระบุแหล่งที่มาของข้อมูล
และแสดงหน่วยวัดของข้อมูล"
2/18/2024 23:38:24,171,5,ไม่เหมาะสม เพราะว่าข้อมูลเยอะไม่ควรเป็นวงกลม อ่านยาก
2/18/2024 23:43:05,172,4,"1. ไม่ต้องใส่พื้นหลังตัวเลขสีขาว
2. เปลี่ยนระดับความเข้มของสีเขียว โดยจำนวน 44.03(กลุ่มโรงเรียนรัฐบาล), 50.79(กลุ่มโรงเรียนเอกชน) จากสีเขียวอ่อนปานกลางเป็นสีเขียวเข้ม เปลี่ยนสีเขียวจำนวน 43.58(กลุ่มโรงเรียนรัฐบาล), 50.24(กลุ่มโรงเรียนเอกชน) และจำนวน 43.22(กลุ่มโรงเรียนรัฐบาล), 49.05 (กลุ่มโรงเรียนเอกชน) เป็นสีเขียวอ่อนที่สุดดังเดิม
3. เปลี่ยนสีสัญลักษณ์ตัวแปร
4. เขียนตัวแปรควบคู่กับเส้น"
2/18/2024 23:43:36,173,4,"การเลือกใช้สี Color Matter , การเปรียบเทียบข้อมูลให้ผู็รับสารสามารถเข้าใจได้ง่าย "
2/18/2024 23:58:27,174,9,"การแรเงาพื้นทึ่เพื่อแสดงความแตกต่างระหว่างเส้นมีขนาดช่องที่เท่ากันทั้งหมด 
 ไม่มีการเปรียบเทียบจำนวนข้อมูลระหว่าง โรงเรียนรัฐบาล และเอกชน "
2/19/2024 0:03:09,175,3,เปลี่ยนเลขทศนิยมให้เป็นเปอร์เซนต์
2/19/2024 0:14:21,176,8,อยากปรับเปลี่ยนให้เป็นแบบ multiple bar chart มีการใช้สีคู่ตรงข้ามโดยแต่ละสีแสดงถึงค่าเฉลี่ยของแต่ละโรงเรียน
2/19/2024 0:17:50,177,5,ประเด็นการใช้แผนภาพ
2/19/2024 0:17:52,178,6,หากพัฒนาทัศนภาพข้อมูล คิดว่าควรปรับเปลี่ยนทัศนภาพให้เป็น Multipie bar chart เน้นการเปรียบเทียบข้อมูลตั้งแต่ 2 ชุดขึ้นไป และควรจัดลำดับข้อมูลอย่างเป็นระบบ/สมเหตุสมผล
2/19/2024 0:22:51,179,6,นิสิตคิดว่าความแก้ไขในเรื่องของความถูกต้องของข้อมูล เช่น โรงเรียนรัฐบาลคิดเปอร์เซ็นโดยรวมได้ 130.83 และโรงเรียนเอกชนคิดเป็น 150.08 ซึ่งข้อมูลข้างต้นเป็นข้อมูลที่ไม่สามารถนำมาเปรียบเทียบกันได้
2/19/2024 0:26:45,180,6,หากจะพัฒนาทัศนภาพข้อมูล คิดว่าควรปรับเปลี่ยนทัศนภาพใหม่ โดยใช้ Multiple bar chart เพื่อเปรียบเทียบข้อมูลทั้ง 2 ชุด และควรจัดลำดับข้อมูลอย่างเป็นระบบ/สมเหตุสมผล
2/19/2024 0:39:07,181,1,ควรปรับเปลี่ยนสีให้มันเหมาะสมกว่านี้โดยเเยกสีเเต่ละสีให้ชัดเจนเพื่อถนอมสายตาคนมอง
2/19/2024 0:39:38,182,3,สีที่ชัดเจนขึ้น
2/19/2024 0:54:21,183,7,ควรใช้เป็นแผนภูมิแท่ง เปลี่ยนสีให้แตกต่างกันชัดเจน และควรนำค่าเฉลี่ยไว้ด้านนอก
2/19/2024 1:00:37,184,5,ควรปรับเปลี่ยนทัศนภาพข้อมูลเป็นแบบ Multiple bar chart เนื่องจากเป็นการเน้นการเปรียบเทียบข้อมูลตั้งแต่ 2 จุดขึ้นไป และเนื่องจากการใช้ทัศนภาพข้อมูลเบื้องต้น ซึ่งเป็นแบบ Pie chart ทำให้เห็นความแตกต่างได้ยาก จึงทำให้การใบ้ทัศนภาพข้อมูลดังกล่าวไม่เหมาะสม
2/19/2024 1:01:12,185,1,แผนภาพพเป็นแผนภูมิแท่ง
2/19/2024 1:08:02,186,5,เนื่องจากทัศนภาพข้อมูลข้างต้นเป็นแบบ Pie chart ทำให้เห็นถึงความแตกต่างของข้อมูลได้ยาก ดังนั้นควรปรับเปลี่ยนทัศนภาพข้อมูลแบบ Multiple bar chart ที่เน้นการเปรียบเทียบข้อมูลตั้งแต่ 2 ชุดขึ้นไป ทำให้เปรียบเทียบข้อมูลได้ง่ายขึ้น
2/19/2024 9:10:41,187,4,ควรมีการปรับเปลี่ยนสีของแผนภูมิวงกลมให้เหมาะสม และเพิ่มชื่อทัศนภาพข้อมูลให้ชัดเจน
2/19/2024 9:27:38,188,8,ประเด็นของการใช้แผนภูมิวงกลมในการนำเสนอข้อมูลพร้อมกับตัวเลขคะแนนเฉลี่ยนั้นดูมีความไม่เหมาะสมจึงควรนำเสนอข้อมูลในรูปแบบอื่นเช่นแผนภูมิแท่ง เพื่อให้ผู้อ่านเห็นถึงค่าความแตกต่างของข้อมูลคะแนนเฉลี่ยและสามารถทำการเปรียบเทียบได้
2/19/2024 9:32:54,189,3,เรียนผ่านการลงมือทำ
2/19/2024 10:32:39,190,9,ควรพัฒนาการเรียนผ่านการลงมือทำและลดการเรียนผ่านการฟังและการอ่านเขียน
2/19/2024 11:06:14,191,1,"ปรับแผนภาพข้อมูลเเรื่องไม่ผ่านการฟัง,การลงมือทำ,และการอ่านการเขียนทั้งเอกชนและรัฐบาลให้เข้าใจมากขึ้น"
2/19/2024 11:38:15,192,5,ปรับแผนภาพข้อมูล ให้เข้าใจมากขึ้น
2/19/2024 11:38:49,193,4,เปลี่ยนรูปแบบ chart
2/19/2024 11:57:24,194,1,แผนภูมิแท่ง
2/19/2024 12:14:35,195,4,เปลี่ยนสีเปอร์เซ็นต์ที่มากเป็นเข้มที่สุด
2/19/2024 12:18:00,196,10,แสดงให้เห็นกลุ่มเป้าหมายโดยใช้วิธีการสำรวจ ทั้งนี้นักวิจัยได้ตรวจสอบคุณภาพและความน่าเชื่อถือของข้อมูลแล้วว่าเป็นข้อมูลที่มีคุณภาพและมีความน่าเชื่อถือ
2/19/2024 13:10:26,197,2,ใช้แผนภูมิแท่ง ปรับเปลี่ยนสี รวมทั้งกำหนดชนิดของตัวแปรให้ชัดเจน
2/19/2024 13:29:02,198,2,ควรเปลี่ยนรูปแบบ
2/19/2024 14:12:36,199,1,พัฒนาการแสดงแผนภูมิใหม่ ให้ดูง่ายมากขึ้น
2/19/2024 14:15:16,200,9,เท่าที่นิสิตดูนิสิตคิดว่า ไม่น่าจะต้องปรับเรื่องใด แต่ถ้าจะต้องปรับจริงๆนิสิตคิดว่าน่าจะต้องปรับในเรื่องของสีทีอาจจะดูเป็นโทนเดียวกัน ควรปรับให้สีในกราฟเป็นคนละโทน
2/19/2024 14:33:52,201,1,"- เปลี่ยนแผนภูมิที่ใช้ในการนำเสนอข้อมูล ไม่ควรนำเสนอข้อมูลเป็นแผนภูมิวงกลม เพราะ ผลรวมในแผนภูมิมีค่ามากกว่า 100
- เพิ่มชื่อแผนภูมิ
- บอกว่าตัวเลขแสดงค่าอะไร
- แสดงข้อมูลทั้งหมดในแผนภูมิเดียวกันเพื่อให้เห็นการเปรียบเทียบที่ชัดเจน"
2/19/2024 15:06:51,202,4,ควรเขียนหัวเรื่องชื่อทัศนภาพข้อมูลให้ครบถ้วนพนัอมหมายเหตุ และเรียงลำดับตัวเลขจากมากไปน้อยด้วยสีเข้มไปอ่อนเพื่อให้อ่านเข้าใจได้ง่ายขึ้น
2/19/2024 15:44:44,203,2,การใช้รูปแบบการนำเสนอ แผนภูมิวงกลมควรใช้ในลักษณะที่คิดคำนวณรวมกันได้ 100% อย่างในกรณีนี้เป็นการเปรียบเทียบค่าเฉลี่ยคะแนนของสไตล์การเรียนรู้ของนักเรียนแต่ละคนของ 2 สังกัดซึ่งคนมองอาจจะงงว่าทำไมมันเกิน หรือรวมแล้วมันไม่เท่ากัน มองว่าควรใช้เป็นแผนภูมิแท่งในการเปรียบเทียบนะจะมองได้ชัดเจนมากกว่า ส่วนสี การบอกข้อมูล นั้นดีแล้ว
2/19/2024 17:44:38,204,8,เพิ่มข้อมูลให้มีความเข้าใจ มีข้อความให้เข้าใจมากขึ้น
2/19/2024 18:18:00,205,7,สำหรับการเปรียบเทียบข้อมูลควรใช้เป็น Multiple bar chart  
2/19/2024 19:03:56,206,4,เนื่องจากทัศนภาพข้อมูลข้างต้นใช้แผนภูมิวงกลมในการแสดงข้อมูล ซึ่งเห็นความแตกต่างของข้อมูลกลุ่มโรงเรียนรัฐบาลและกลุ่มโรงเรียนเอกชนค่อนข้างน้อย และถ้าหากเปรียบเทียบข้อมูลทั้ง 2 กลุ่ม อาจจะไม่ชัดเจน
2/19/2024 19:24:31,207,5,นิสิตควรพัฒนาในเรื่องของ Accessible พัฒนาในเรื่องการงาน ปรับเปลี่ยนจากแผนภูมิวงกลม ให้เป็นแผนภูมิแท่ง เป็นการนำข้อมูลจาก 2 โรงเรียนมาวัดระดับกัน  โดยนำความสูงมาใช้วัดเปอร์เซ็นต์ เปรียเทียบคะแนนข้างกัน ซึ่งแผนภูมิแท่งมีลักษณะที่ดูแล้วเข้าใจง่าย
2/19/2024 19:54:49,208,9,ควรบอกถึงโรงเรียนรัฐและโรงเรียนเอกชนชอบการเรียนแบบใดมากที่สุด
2/19/2024 20:11:58,209,6,นำเสนอในรูปแบบอื่น เนื่องจากในรูปแบบนี้ทำให้มองเปรียบเทียบได้ยาก
2/19/2024 20:31:53,210,1,จากภาพจะเห็นว่าคะแนนเฉลี่ยรายวิชาคณิตศาสตร์ที่มีสไตล์การเรียนรู้ที่แต่ต่างกันมีคะแนนต่างกันไม่มากนัก ทำให้ภาพที่แสดงออกมาในรูปของแผนภูมิวงกลมเองไม่ได้แสดงถึงความแตกต่าง ทำให้ผู้อ่านไม่ทราบได้อย่างทันทีเมื่อดูจากรูป ดังนั้นจึงควรมีการปรับสัดส่วนของแผนภูมิให้ไปอยู่ในรูปแบบการนำเสนอื่นที่แสดงความแตกต่างให้ผู้อ่านทราบทันทีตั้งแน่แรกเห็น
2/19/2024 20:50:37,211,3,ปรับเปลี่ยนสีของแผนภูมิให้มีความชัดเจนมากยิ่งขึ้น เพื่อการอ่านค่าง่าย
2/19/2024 21:10:02,212,9,แก้ไขรูปแบบจาก pie chart เป็น Multiple bar chart เนื่องจาก pie chart ข้างต้นค่าภายในรวมกันเกินกว่า 100 จึงอาจจะทำให้เกิดความสับสนและเปลี่ยนเพื่อเปรียบเทียบโรงเรียนรัฐและโรงเรียนเอกชนจะสะดวกกว่า โดยอาจจะเปลี่ยนในรูปแบบแกน y เป้นค่าของคะแนนเฉลี่ยและแกน x เป็นรูปแบบสไตล์การเรียนรู้และสร้างสีที่แตกต่างกันระหว่างโรงเรียนรัฐบาลและโรงเรียนเอกชน
2/19/2024 21:15:02,213,9,Bar Chart เพราะว่าสามารถมองเห็นภาพได้ง่ายมากกว่า
2/19/2024 21:22:59,214,3,เปลี่ยนเลขทศนิยมให้เป็นเปอร์เซ็นต์เพื่อเข้าใจง่าย
2/19/2024 21:23:19,215,7,Multiple bar chart ทำให้ข้อมูลมีทัศนภาพมีความเข้าใจง่ายมากยิ่งขึ้น
2/19/2024 21:25:49,216,3,ปรับให้ข้อมูลทศนิยมในวงกลมเท่ากับ100%
2/19/2024 21:25:54,217,7,Multiple bar chart ที่เหมาะกับการเปรียบเทียบข้อมูล 2 ข้อมูลที่ดูง่ายและเข้าใจง่ายมากยิ่งขึ้น
2/19/2024 21:29:07,218,6,นิสิตคิดว่าควรจะพัฒนาทัศนภาพข้างต้น โดยใช้ Multiple Bar Chart ซึ่งเป็นการเปรียบเทียบข้อมูลตั้งแต่ 2 ชุดขึ้นไป ควรที่จะจัดลำดับของข้อมูลอย่างเป็นระบบหรือสมเหตุผล
2/19/2024 21:29:51,219,3,ปรับเปลี่ยนสีของทัศนภาพให้ดูชัดเจนสามารถแยกแยะและอ่านได้ง่ายไม่ซับซ้อน
2/19/2024 22:03:20,220,7,ควรปรับปรุงแผนภูมิให้มีการชัดเจนในการเปรียบเทียบมากยิ่งขึ้น และควรระบุชื่อตัวเลขให้ชัดเจนว่าเป็นคะแนนเฉลี่ยวิชาคณิตศาสตร์
2/19/2024 22:24:49,221,2,Pie chart มักจะอยู่ในลักษณะที่มีสัดส่วนที่เป็นร้อยละ จึงไม่แหมาะสมกับการใช้งาน
2/19/2024 22:37:09,222,3,"ปรับตัวเลขภายในแผนภาพให้ไม่เกิน 100 %,ปรับขนาดสัดส่วนให้ตรงกับข้อมูล"
2/19/2024 22:39:35,223,9,อาจจะปรับให้ข้อมูลอยู่ในรูปแผนภูมิแท่ง แสดงสัดส่วนต่าง ๆ ทำให้เห็นสัดส่วนของภาครัฐและเอกชนชัดเจนขึ้น
2/19/2024 22:40:33,224,2,ไม่เหมาะสม เนื่องจากข้อมูลมีขนาดที่ใกล้เคียงกัน ทำให้เมื่อแสดงเป็นแผนภาพวงกลมทำให้อ่านแผนภาพได้ยากและไม่ชัดเจน
2/19/2024 23:11:11,225,1,เพิ่มสีสันในแผนภูมิวงกลมหรือนำตัวหนังสือใส่ในวงกลม
2/19/2024 23:16:23,226,4,หากเป็นข้อมูลเชิงเปรียบเทียบ ควรใช้ bar chart เเทน pie chart เพื่อให้เห็นถึงความชัดเจนในการเปรียบเทียบ 
2/19/2024 23:18:33,227,9,ทำให้ข้อมูลการเรียนทั้งหมดเข้าใจง่ายยิ่งขึ้น
2/19/2024 23:22:47,228,7,นิสิตคิดว่าควรปรับเปลี่ยนทัศนภาพข้อมูลในประเด็น Accessible จากแผนภาพข้างต้น พบว่า มีการนำเสนอแผนภาพที่ยังไม่ชัดเจน ควรเลือกประเภทแผนภาพให้เหมาะสมกับวัตถุประสงค์และข้อมูลที่ต้องการจะนำเสนอ การออกแบบควรมีการออกแบบที่ไม่รบกวนสายตา เลือกใช้สีที่มีความแตกต่างเพื่อง่ายต่อการอ่านข้อมูล
2/19/2024 23:38:54,229,2,ปรับเปลี่ยนทัศนภาพเป็นแบบ  Bar chart เพราะสามารถดูได้ง่าย
2/19/2024 23:41:21,230,7,"นิสิตคิดว่าควรปรับเปลี่ยนทัศนภาพข้อมูลในประเด็น Accessible เพราะจากข้อมูลข้างต้น พบว่า วัตถุประสงค์คือเพื่อเปรียบเทียบข้อมูลคะแนนเฉลี่ยรายวิชาคณิตศาสตร์ของนักเรียนระหว่างกลุ่มนักเรียนที่มีสไตล์การเรียนรู้ (learn.style) ที่มี 3 แบบได้แก่ เรียนผ่านการฟัง เรียนผ่านการลงมือทำ และเรียนผ่านการอ่าน-เขียน ภายในโรงเรียนรัฐบาล และโรงเรียนเอกชน ดังนั้นการนำเสนอแผนภาพ ควรอยู่ในรูปแบบการนำเสนอเป็นแผนภูมิแท่ง ซึ่งเน้นการเปรียบเทียบข้อมูล
"
2/19/2024 23:41:37,231,2,นิสิตคิดว่าควรปรับเปลี่ยนรูปแบบตารางให้มีความชัดเจนมากยิ่งขึ้น เนื่องจากข้อมูลคะแนนเฉลี่ยของสไตล์การเรียนรู้มีจำนวนที่ค่อนข้างใกล้เคียงกัน และมีสีของแผนภูมิที่ไม่แตกต่างกันมากนัก ทั้งตัวของแผนภูมิของแต่ละโรงเรียน และทั้ง 2 โรงเรียน ทำให้การดูข้อมูลอาจจะเกิดการคลาดเคลื่อนได้
2/19/2024 23:42:14,232,6,ควรปรับเปลี่ยนสี ของแต่ละลีลาการเรียนรู้จากภาพสีเขียวใกล้เคียงกันไปหน่อยทำให้มองคล้ายกัน
2/19/2024 23:59:15,233,9,ให้เห็นถึงการเปรียบเทียบที่ชัดเจนกว่านี้ เป็นแผนภูมิแท่ง
2/20/2024 0:01:58,234,8,ปรับรูปแบบโดยการใช้ทัศนภาพในรูปแบบอื่นจัดเรียงข้อมูลให้อ่านได้ง่าย 
2/20/2024 0:03:39,235,3,ปรับสีให้มีความแตกต่างกัน ให้มีความชัดเจนมากขึ้น
2/20/2024 1:26:43,236,3,เปลี่ยนสีให้แตกต่างกันมากยิ่งขึ้น เพื่อที่จะได้ดูง่ายขึ้น
2/20/2024 10:14:29,237,5,Not Accessible
2/20/2024 12:41:27,238,8,สีแสดงความแตกต่างของทัศนภาพเพื่อให้เห็นความแตกต่างและไม่ออกไปในสีใกล้เคียงกัน
2/20/2024 20:31:19,239,4,ปรับเปลี่ยนทัศนภาพด้าน Accessible  ซึ่งเปลี่ยนจากแผนภาพวงกลม เป็น Multiple bar chart ให้สามารถเปรียบเทียบข้อมูลได้ง่ายขึ้น
2/20/2024 20:34:51,240,4,ปรับเปลี่ยนด้าน 
2/20/2024 20:48:31,241,5,จากที่ดูคิดว่าควรพัฒนา รร รัฐบาลให้เห็นความสำคัญของการเรียนแบบลงมือทำมากขึ้น
2/20/2024 21:05:00,242,8,เพิ่มชื่อแผนภูมิ และใช้เป็นแผนภูมิแท่งเพื่อให้สามารถดูข้อมูลได้ง่ายขึ้น เนื่องจากแผนภูมิวงกลมเหมาะกับการบอกข้อมูลเป็นเปอร์เซ็น
2/20/2024 21:09:14,243,5,"เพราะมันดูไม่ออกว่าต่างกันตรงไหน
มองไม่เห็นความแตกต่าง
ควรเปลี่ยนสีและตัวเลขให้ดูง่ายขึ้น"
2/20/2024 21:15:38,244,5,โทนสีดูยากและตัวเลขไม่ชัดเจนพอ
2/20/2024 21:17:42,245,5,ควรปรับเปลี่ยนโทนสีให้ดูชัดเจนมากขึ้นเเละดูง่ายขึ้น
2/20/2024 21:27:40,246,5,ควรปรับสีให้ดูง่ายมากขึ้นและควรปรับเปลี่ยนให้เป็นแท่งกราฟ
2/20/2024 21:31:25,247,5,ปรับเปลี่ยนรูปแบบการแสดงจากวงกลมเป็นแท่งสถิติ เพื่อให้ดูง่ายมากขึ้น
2/21/2024 2:54:19,248,4,ปรับเปลี่ยนในรูปแบบของ accessible ในรูปแบบของกราฟวงกลม เป็น Multiple bar chart  เพื่อเปรียบเทียบข้อมูลได้ง่ายมากยิ่งขึ้น